{"Hitachi_Curve_Legend":"AQEEL","Max_Allowed":{"max_speed_1":3000,"max_speed_2":2983.92,"max_speed_3":2966.4,"max_speed_4":2947.92,"max_speed_5":2925.6,"max_speed_6":2903.2799999999997,"max_speed_7":2874.48},"Min_Allowed":{"min_speed_1":3000,"min_speed_2":2975.8799999999997,"min_speed_3":2949.6,"min_speed_4":2921.88,"min_speed_5":2888.4,"min_speed_6":2854.92,"min_speed_7":2811.72},"Hitachi_Curve":{"hitachi_1":"3000","hitachi_2":"2980","hitachi_3":"2958","hitachi_4":"2935","hitachi_5":"2907","hitachi_6":"2879","hitachi_7":"2843"},"Test_Curve":{"test_curve_1":-541,"test_curve_2":-541,"test_curve_3":-541,"test_curve_4":-541,"test_curve_5":-541,"test_curve_6":-541,"test_curve_7":-541}}